{"cameraMode":{"drawMode":0,"name":"Shaded","section":"Shading Mode"},"sceneLighting":true,"audioPlay":false,"sceneViewState":{"showFog":true,"showMaterialUpdate":false,"showSkybox":true,"showFlares":true,"showImageEffects":true,"showParticleSystems":true},"in2DMode":false,"pivot":{"x":0.29656410217285159,"y":2.2993087768554689,"z":23.32830238342285},"rotation":{"x":-0.2392563372850418,"y":0.5464930534362793,"z":-0.16654415428638459,"w":-0.7850890755653381},"size":7.820863246917725,"orthographic":false}