{"cameraMode":{"drawMode":0,"name":"Shaded","section":"Shading Mode"},"sceneLighting":true,"audioPlay":false,"sceneViewState":{"showFog":true,"showMaterialUpdate":false,"showSkybox":true,"showFlares":true,"showImageEffects":true,"showParticleSystems":true},"in2DMode":false,"pivot":{"x":2.7676219940185549,"y":-10.321334838867188,"z":26.31694793701172},"rotation":{"x":0.18452031910419465,"y":0.770534098148346,"z":-0.5533660054206848,"w":0.2569350004196167},"size":18.96524429321289,"orthographic":false}