{"cameraMode":{"drawMode":0,"name":"Shaded","section":"Shading Mode"},"sceneLighting":true,"audioPlay":false,"sceneViewState":{"showFog":true,"showMaterialUpdate":false,"showSkybox":true,"showFlares":true,"showImageEffects":true,"showParticleSystems":true},"in2DMode":false,"pivot":{"x":-7.563629150390625,"y":15.195024490356446,"z":6.993987083435059},"rotation":{"x":-0.06609354913234711,"y":0.07088125497102738,"z":-0.004706998821347952,"w":-0.9952815175056458},"size":83.38520050048828,"orthographic":false}