{"cameraMode":{"drawMode":0,"name":"Shaded","section":"Shading Mode"},"sceneLighting":true,"audioPlay":false,"sceneViewState":{"showFog":true,"showMaterialUpdate":false,"showSkybox":true,"showFlares":true,"showImageEffects":true,"showParticleSystems":true},"in2DMode":false,"pivot":{"x":-0.03642519190907478,"y":0.011704523116350174,"z":0.11318975687026978},"rotation":{"x":-0.2736819386482239,"y":-0.5366463661193848,"z":0.18941524624824525,"w":-0.7753906846046448},"size":10.365612983703614,"orthographic":false}