{"cameraMode":{"drawMode":0,"name":"Shaded","section":"Shading Mode"},"sceneLighting":false,"audioPlay":false,"sceneViewState":{"showFog":true,"showMaterialUpdate":false,"showSkybox":false,"showFlares":true,"showImageEffects":true,"showParticleSystems":true},"in2DMode":false,"pivot":{"x":0.0,"y":1.831558108329773,"z":0.43370920419692995},"rotation":{"x":-0.0024631908163428308,"y":-0.9763097167015076,"z":0.21607773005962373,"w":-0.011123654432594777},"size":9.552160263061524,"orthographic":false}