{"cameraMode":{"drawMode":0,"name":"Shaded","section":"Shading Mode"},"sceneLighting":false,"audioPlay":false,"sceneViewState":{"showFog":true,"showMaterialUpdate":false,"showSkybox":false,"showFlares":true,"showImageEffects":true,"showParticleSystems":true},"in2DMode":false,"pivot":{"x":3.456019163131714,"y":1.9011240005493165,"z":-0.08536937832832337},"rotation":{"x":-0.0024631908163428308,"y":-0.9763097167015076,"z":0.21607773005962373,"w":-0.011123654432594777},"size":34.89695358276367,"orthographic":false}